{"meta":{"version":1,"warehouse":"4.0.2"},"models":{"Asset":[{"_id":"themes/hexo-theme-butterfly-4.4.0/source/css/index.styl","path":"css/index.styl","modified":0,"renderable":1},{"_id":"themes/hexo-theme-butterfly-4.4.0/source/css/var.styl","path":"css/var.styl","modified":0,"renderable":1},{"_id":"themes/hexo-theme-butterfly-4.4.0/source/img/404.jpg","path":"img/404.jpg","modified":0,"renderable":1},{"_id":"themes/hexo-theme-butterfly-4.4.0/source/img/favicon.png","path":"img/favicon.png","modified":0,"renderable":1},{"_id":"themes/hexo-theme-butterfly-4.4.0/source/img/friend_404.gif","path":"img/friend_404.gif","modified":0,"renderable":1},{"_id":"themes/hexo-theme-butterfly-4.4.0/source/js/main.js","path":"js/main.js","modified":0,"renderable":1},{"_id":"themes/hexo-theme-butterfly-4.4.0/source/js/tw_cn.js","path":"js/tw_cn.js","modified":0,"renderable":1},{"_id":"themes/hexo-theme-butterfly-4.4.0/source/js/utils.js","path":"js/utils.js","modified":0,"renderable":1},{"_id":"themes/hexo-theme-butterfly-4.4.0/source/js/search/algolia.js","path":"js/search/algolia.js","modified":0,"renderable":1},{"_id":"themes/hexo-theme-butterfly-4.4.0/source/js/search/local-search.js","path":"js/search/local-search.js","modified":0,"renderable":1}],"Cache":[{"_id":"source/_posts/hello-world.md","hash":"acad91ace80b80295b11a9b7ad4c29a2dcfdd8fb","modified":1660957150932},{"_id":"themes/hexo-theme-butterfly-4.4.0/README.md","hash":"249abda2d59e738d8e5416c9b0e2727fc73493dd","modified":1660754369000},{"_id":"themes/hexo-theme-butterfly-4.4.0/README_CN.md","hash":"ec3df032fa5e197eef3822c1af517e29a91da2df","modified":1660754369000},{"_id":"themes/hexo-theme-butterfly-4.4.0/_config.yml","hash":"92b8f5853bbc91c3d7b811713f63232308526f5e","modified":1660958750417},{"_id":"themes/hexo-theme-butterfly-4.4.0/package.json","hash":"a937d4aa286401430c672bce28d93fe417d87a1e","modified":1660754369000},{"_id":"themes/hexo-theme-butterfly-4.4.0/LICENSE","hash":"1128f8f91104ba9ef98d37eea6523a888dcfa5de","modified":1660754369000},{"_id":"themes/hexo-theme-butterfly-4.4.0/plugins.yml","hash":"b96cbef0a8af718b1b7bbe3317bb7a15484e7985","modified":1660754369000},{"_id":"themes/hexo-theme-butterfly-4.4.0/languages/default.yml","hash":"1e37a3695d50e3e61d7c36e58a6dac872a4a56cd","modified":1660754369000},{"_id":"themes/hexo-theme-butterfly-4.4.0/languages/en.yml","hash":"d1bb560698eb8b0079495b7b18b44facb610f9fd","modified":1660754369000},{"_id":"themes/hexo-theme-butterfly-4.4.0/languages/zh-TW.yml","hash":"947f794e862bb2813e36887f777bdb760f70a322","modified":1660754369000},{"_id":"themes/hexo-theme-butterfly-4.4.0/languages/zh-CN.yml","hash":"28b6f0c39155651d747eb595e0a283bc97be2e09","modified":1660754369000},{"_id":"themes/hexo-theme-butterfly-4.4.0/layout/archive.pug","hash":"a0c034c2d319320a54046805e80b58dc48b7e233","modified":1660754369000},{"_id":"themes/hexo-theme-butterfly-4.4.0/layout/category.pug","hash":"710708cfdb436bc875602abf096c919ccdf544db","modified":1660754369000},{"_id":"themes/hexo-theme-butterfly-4.4.0/layout/index.pug","hash":"e1c3146834c16e6077406180858add0a8183875a","modified":1660754369000},{"_id":"themes/hexo-theme-butterfly-4.4.0/layout/page.pug","hash":"baf469784aef227e4cc840550888554588e87a13","modified":1660754369000},{"_id":"themes/hexo-theme-butterfly-4.4.0/layout/post.pug","hash":"fc9f45252d78fcd15e4a82bfd144401cba5b169a","modified":1660754369000},{"_id":"themes/hexo-theme-butterfly-4.4.0/layout/tag.pug","hash":"0440f42569df2676273c026a92384fa7729bc4e9","modified":1660754369000},{"_id":"themes/hexo-theme-butterfly-4.4.0/.github/ISSUE_TEMPLATE/config.yml","hash":"7dfe7189ffeaebb6db13842237f8e124649bea3d","modified":1660754369000},{"_id":"themes/hexo-theme-butterfly-4.4.0/.github/ISSUE_TEMPLATE/bug_report.yml","hash":"67e4f5a66d4b8cabadbaad0410628364ee75e0ae","modified":1660754369000},{"_id":"themes/hexo-theme-butterfly-4.4.0/.github/ISSUE_TEMPLATE/feature_request.yml","hash":"996640605ed1e8e35182f0fd9a60a88783b24b03","modified":1660754369000},{"_id":"themes/hexo-theme-butterfly-4.4.0/.github/workflows/publish.yml","hash":"05857c2f265246d8de00e31037f2720709540c09","modified":1660754369000},{"_id":"themes/hexo-theme-butterfly-4.4.0/.github/workflows/stale.yml","hash":"ac62b989b5550c756e1986fcc68f243170705383","modified":1660754369000},{"_id":"themes/hexo-theme-butterfly-4.4.0/layout/includes/404.pug","hash":"cb49f737aca272ccfeb62880bd651eccee72a129","modified":1660754369000},{"_id":"themes/hexo-theme-butterfly-4.4.0/layout/includes/additional-js.pug","hash":"594a977ebe8d97e60fa3d7cb40fc260ded4d8a58","modified":1660754369000},{"_id":"themes/hexo-theme-butterfly-4.4.0/layout/includes/footer.pug","hash":"02390a5b6ae1f57497b22ba2e6be9f13cfb7acac","modified":1660754369000},{"_id":"themes/hexo-theme-butterfly-4.4.0/layout/includes/head.pug","hash":"de8e618ec03295561c667a49e1c383213b856f6f","modified":1660754369000},{"_id":"themes/hexo-theme-butterfly-4.4.0/layout/includes/layout.pug","hash":"a557280a25f63f4312afad63fc3303ec74165557","modified":1660754369000},{"_id":"themes/hexo-theme-butterfly-4.4.0/layout/includes/pagination.pug","hash":"0b80f04950bd0fe5e6c4e7b7559adf4d0ce28436","modified":1660754369000},{"_id":"themes/hexo-theme-butterfly-4.4.0/layout/includes/rightside.pug","hash":"699d0d2cff233628752956c4434125c8203f7d63","modified":1660754369000},{"_id":"themes/hexo-theme-butterfly-4.4.0/scripts/events/404.js","hash":"83cd7f73225ccad123afbd526ce1834eb1eb6a6d","modified":1660754369000},{"_id":"themes/hexo-theme-butterfly-4.4.0/layout/includes/sidebar.pug","hash":"8d39473ed112d113674a0f689f63fae06c72abd2","modified":1660754369000},{"_id":"themes/hexo-theme-butterfly-4.4.0/scripts/events/cdn.js","hash":"acfe765fb2c607bff7198630dbfa53a888c36357","modified":1660754369000},{"_id":"themes/hexo-theme-butterfly-4.4.0/scripts/events/comment.js","hash":"a3d1f417965ca20253c36f9e93429f3df6268856","modified":1660754369000},{"_id":"themes/hexo-theme-butterfly-4.4.0/scripts/events/init.js","hash":"b4940a5c73d3a5cd8bb5883e3041ecdd905a74e0","modified":1660754369000},{"_id":"themes/hexo-theme-butterfly-4.4.0/scripts/events/stylus.js","hash":"9819f0996234fbd80d6c50a9e526c56ebf22588d","modified":1660754369000},{"_id":"themes/hexo-theme-butterfly-4.4.0/scripts/events/welcome.js","hash":"3cfc46c749e2fd7ae9c2a17206238ed0e0e17e7d","modified":1660754369000},{"_id":"themes/hexo-theme-butterfly-4.4.0/scripts/filters/random_cover.js","hash":"21379ed2dccb69c43b893895c9d56238c11e5f43","modified":1660754369000},{"_id":"themes/hexo-theme-butterfly-4.4.0/scripts/filters/post_lazyload.js","hash":"932df912976261929f809b7dbd4eb473e7787345","modified":1660754369000},{"_id":"themes/hexo-theme-butterfly-4.4.0/scripts/helpers/aside_archives.js","hash":"2ec66513d5322f185d2071acc052978ba9415a8e","modified":1660754369000},{"_id":"themes/hexo-theme-butterfly-4.4.0/scripts/helpers/findArchiveLength.js","hash":"ee3e70098eb0849497d50b75e18cf4a27c397d52","modified":1660754369000},{"_id":"themes/hexo-theme-butterfly-4.4.0/scripts/helpers/aside_categories.js","hash":"e00efdb5d02bc5c6eb4159e498af69fa61a7dbb9","modified":1660754369000},{"_id":"themes/hexo-theme-butterfly-4.4.0/scripts/helpers/inject_head_js.js","hash":"b4cd617c619d1a0df93603721a6fa1317526174b","modified":1660754369000},{"_id":"themes/hexo-theme-butterfly-4.4.0/scripts/helpers/page.js","hash":"763dab5c83f50c1c62fffc9a9dfedea29bb4e629","modified":1660754369000},{"_id":"themes/hexo-theme-butterfly-4.4.0/scripts/helpers/related_post.js","hash":"d368a8830e506c8b5eb6512b709ec8db354d5ea1","modified":1660754369000},{"_id":"themes/hexo-theme-butterfly-4.4.0/scripts/tag/button.js","hash":"91d954f6e9fe6e571eb8ec9f8996294b2dc3688e","modified":1660754369000},{"_id":"themes/hexo-theme-butterfly-4.4.0/scripts/tag/flink.js","hash":"ab62919fa567b95fbe14889517abda649991b1ee","modified":1660754369000},{"_id":"themes/hexo-theme-butterfly-4.4.0/scripts/tag/inlineImg.js","hash":"a43ee2c7871bdd93cb6beb804429e404570f7929","modified":1660754369000},{"_id":"themes/hexo-theme-butterfly-4.4.0/scripts/tag/gallery.js","hash":"f79c99f6c5b626c272dc2bed2b0250d6b91bb28a","modified":1660754369000},{"_id":"themes/hexo-theme-butterfly-4.4.0/scripts/tag/hide.js","hash":"396c3ab1bcf1c7693ad7e506eadd13016c6769b6","modified":1660754369000},{"_id":"themes/hexo-theme-butterfly-4.4.0/scripts/tag/label.js","hash":"03b2afef41d02bd1045c89578a02402c28356006","modified":1660754369000},{"_id":"themes/hexo-theme-butterfly-4.4.0/scripts/tag/mermaid.js","hash":"531808a290b8bdd66bac2faab211ada8e9646a37","modified":1660754369000},{"_id":"themes/hexo-theme-butterfly-4.4.0/scripts/tag/tabs.js","hash":"6c6e415623d0fd39da016d9e353bb4f5cca444f5","modified":1660754369000},{"_id":"themes/hexo-theme-butterfly-4.4.0/scripts/tag/note.js","hash":"d51812b43924f1bbf413c67499510dd125022005","modified":1660754369000},{"_id":"themes/hexo-theme-butterfly-4.4.0/scripts/tag/timeline.js","hash":"300eb779588bf35a1b687d9f829d866074b707e3","modified":1660754369000},{"_id":"themes/hexo-theme-butterfly-4.4.0/source/css/index.styl","hash":"861998e4ac67a59529a8245a9130d68f826c9c12","modified":1660754369000},{"_id":"themes/hexo-theme-butterfly-4.4.0/source/css/var.styl","hash":"4890a40366d6443f8b8942a4e9a6dce9fe3494f5","modified":1660754369000},{"_id":"themes/hexo-theme-butterfly-4.4.0/source/img/404.jpg","hash":"fb4489bc1d30c93d28f7332158c1c6c1416148de","modified":1660754369000},{"_id":"themes/hexo-theme-butterfly-4.4.0/source/img/favicon.png","hash":"3cf89864b4f6c9b532522a4d260a2e887971c92d","modified":1660754369000},{"_id":"themes/hexo-theme-butterfly-4.4.0/source/img/friend_404.gif","hash":"8d2d0ebef70a8eb07329f57e645889b0e420fa48","modified":1660754369000},{"_id":"themes/hexo-theme-butterfly-4.4.0/source/js/main.js","hash":"73d2624ed465e4cfb1ebb00b2c8a24f5fc29bb21","modified":1660754369000},{"_id":"themes/hexo-theme-butterfly-4.4.0/source/js/tw_cn.js","hash":"00053ce73210274b3679f42607edef1206eebc68","modified":1660754369000},{"_id":"themes/hexo-theme-butterfly-4.4.0/source/js/utils.js","hash":"0b95daada72abb5d64a1e3236049a60120e47cca","modified":1660754369000},{"_id":"themes/hexo-theme-butterfly-4.4.0/layout/includes/head/Open_Graph.pug","hash":"6c41f49a3e682067533dd9384e6e4511fc3a1349","modified":1660754369000},{"_id":"themes/hexo-theme-butterfly-4.4.0/layout/includes/head/analytics.pug","hash":"15530d9ac59c576d79af75dd687efe71e8d261b0","modified":1660754369000},{"_id":"themes/hexo-theme-butterfly-4.4.0/layout/includes/head/config.pug","hash":"8f41fa9732ea654a10f6e666d9c782c7e27e5ea6","modified":1660754369000},{"_id":"themes/hexo-theme-butterfly-4.4.0/layout/includes/head/config_site.pug","hash":"7df90c8e432e33716517ab918b0a125bc284041b","modified":1660754369000},{"_id":"themes/hexo-theme-butterfly-4.4.0/layout/includes/head/google_adsense.pug","hash":"95a37e92b39c44bcbea4be7e29ddb3921c5b8220","modified":1660754369000},{"_id":"themes/hexo-theme-butterfly-4.4.0/layout/includes/head/noscript.pug","hash":"d16ad2ee0ff5751fd7f8a5ce1b83935518674977","modified":1660754369000},{"_id":"themes/hexo-theme-butterfly-4.4.0/layout/includes/head/preconnect.pug","hash":"65a23b5170204e55b813ce13a79d799b66b7382c","modified":1660754369000},{"_id":"themes/hexo-theme-butterfly-4.4.0/layout/includes/head/pwa.pug","hash":"3d492cfe645d37c94d30512e0b230b0a09913148","modified":1660754369000},{"_id":"themes/hexo-theme-butterfly-4.4.0/layout/includes/head/site_verification.pug","hash":"e2e8d681f183f00ce5ee239c42d2e36b3744daad","modified":1660754369000},{"_id":"themes/hexo-theme-butterfly-4.4.0/layout/includes/loading/loading-js.pug","hash":"4cfcf0100e37ce91864703cd44f1cb99cb5493ea","modified":1660754369000},{"_id":"themes/hexo-theme-butterfly-4.4.0/layout/includes/loading/loading.pug","hash":"5276937fbcceb9d62879dc47be880cd469a27349","modified":1660754369000},{"_id":"themes/hexo-theme-butterfly-4.4.0/layout/includes/header/menu_item.pug","hash":"31346a210f4f9912c5b29f51d8f659913492f388","modified":1660754369000},{"_id":"themes/hexo-theme-butterfly-4.4.0/layout/includes/header/index.pug","hash":"aa175e2254704335f4da09175e59ef2375ca7d03","modified":1660754369000},{"_id":"themes/hexo-theme-butterfly-4.4.0/layout/includes/header/nav.pug","hash":"78a3abd90bb3c18cd773d3d5abac3541e7f415e5","modified":1660754369000},{"_id":"themes/hexo-theme-butterfly-4.4.0/layout/includes/header/social.pug","hash":"0d953e51d04a9294a64153c89c20f491a9ec42d4","modified":1660754369000},{"_id":"themes/hexo-theme-butterfly-4.4.0/layout/includes/header/post-info.pug","hash":"9698f22751778dde063cbfbd01c59ca4462ccd85","modified":1660754369000},{"_id":"themes/hexo-theme-butterfly-4.4.0/layout/includes/mixins/article-sort.pug","hash":"2fb74d0b0e4b98749427c5a1a1b0acb6c85fadc4","modified":1660754369000},{"_id":"themes/hexo-theme-butterfly-4.4.0/layout/includes/mixins/post-ui.pug","hash":"6ae047d566289294cc2f6192cacbff297cec9f1a","modified":1660754369000},{"_id":"themes/hexo-theme-butterfly-4.4.0/layout/includes/page/categories.pug","hash":"5276a8d2835e05bd535fedc9f593a0ce8c3e8437","modified":1660754369000},{"_id":"themes/hexo-theme-butterfly-4.4.0/layout/includes/page/default-page.pug","hash":"12c65c174d26a41821df9bad26cdf1087ec5b0ca","modified":1660754369000},{"_id":"themes/hexo-theme-butterfly-4.4.0/layout/includes/page/flink.pug","hash":"fed069baa9b383f57db32bb631115071d29bdc60","modified":1660754369000},{"_id":"themes/hexo-theme-butterfly-4.4.0/layout/includes/page/tags.pug","hash":"6311eda08e4515281c51bd49f43902a51832383c","modified":1660754369000},{"_id":"themes/hexo-theme-butterfly-4.4.0/layout/includes/post/post-copyright.pug","hash":"ebecba46a5f4efe1c98a386df06c56e26fbd07b9","modified":1660754369000},{"_id":"themes/hexo-theme-butterfly-4.4.0/layout/includes/post/reward.pug","hash":"864869c43fe5b5bb6f4ac6b13dd4bfb16ea47550","modified":1660754369000},{"_id":"themes/hexo-theme-butterfly-4.4.0/layout/includes/third-party/aplayer.pug","hash":"c7cfade2b160380432c47eef4cd62273b6508c58","modified":1660754369000},{"_id":"themes/hexo-theme-butterfly-4.4.0/layout/includes/third-party/effect.pug","hash":"6528e86656906117a1af6b90e0349c2c4651d5e1","modified":1660754369000},{"_id":"themes/hexo-theme-butterfly-4.4.0/layout/includes/third-party/pangu.pug","hash":"0f024e36b8116118233e10118714bde304e01e12","modified":1660754369000},{"_id":"themes/hexo-theme-butterfly-4.4.0/layout/includes/third-party/pjax.pug","hash":"6d6474ef186c18d9b4f334e1f735eadd6699effa","modified":1660754369000},{"_id":"themes/hexo-theme-butterfly-4.4.0/layout/includes/third-party/subtitle.pug","hash":"142621f70bedcb5033ee99a988f7bb6c5eea3493","modified":1660754369000},{"_id":"themes/hexo-theme-butterfly-4.4.0/layout/includes/widget/card_ad.pug","hash":"60dc48a7b5d89c2a49123c3fc5893ab9c57dd225","modified":1660754369000},{"_id":"themes/hexo-theme-butterfly-4.4.0/layout/includes/widget/card_announcement.pug","hash":"ae392459ad401a083ca51ee0b27526b3c1e1faed","modified":1660754369000},{"_id":"themes/hexo-theme-butterfly-4.4.0/layout/includes/widget/card_archives.pug","hash":"86897010fe71503e239887fd8f6a4f5851737be9","modified":1660754369000},{"_id":"themes/hexo-theme-butterfly-4.4.0/layout/includes/widget/card_author.pug","hash":"e37468e63db2a0ac09b65d21b7de3e62425bb455","modified":1660754369000},{"_id":"themes/hexo-theme-butterfly-4.4.0/layout/includes/widget/card_bottom_self.pug","hash":"13dc8ce922e2e2332fe6ad5856ebb5dbf9ea4444","modified":1660754369000},{"_id":"themes/hexo-theme-butterfly-4.4.0/layout/includes/widget/card_newest_comment.pug","hash":"6d93564a8bd13cb9b52ee5e178db3bcbf18b1bc6","modified":1660754369000},{"_id":"themes/hexo-theme-butterfly-4.4.0/layout/includes/widget/card_categories.pug","hash":"d1a416d0a8a7916d0b1a41d73adc66f8c811e493","modified":1660754369000},{"_id":"themes/hexo-theme-butterfly-4.4.0/layout/includes/widget/card_post_toc.pug","hash":"3057a2f6f051355e35d3b205121af8735100eacf","modified":1660754369000},{"_id":"themes/hexo-theme-butterfly-4.4.0/layout/includes/widget/card_recent_post.pug","hash":"9c1229af6ab48961021886882c473514101fba21","modified":1660754369000},{"_id":"themes/hexo-theme-butterfly-4.4.0/layout/includes/widget/card_tags.pug","hash":"438aea3e713ed16b7559b9a80a9c5ec0221263df","modified":1660754369000},{"_id":"themes/hexo-theme-butterfly-4.4.0/layout/includes/widget/card_top_self.pug","hash":"ae67c6d4130a6c075058a9c1faea1648bcc6f83e","modified":1660754369000},{"_id":"themes/hexo-theme-butterfly-4.4.0/layout/includes/widget/card_webinfo.pug","hash":"35ce167c5a275211bfc1fa3d49adfde5b404d98f","modified":1660754369000},{"_id":"themes/hexo-theme-butterfly-4.4.0/layout/includes/widget/index.pug","hash":"7fb096656c8a6c21a4b6a5100885b1081d6021ed","modified":1660754369000},{"_id":"themes/hexo-theme-butterfly-4.4.0/source/css/_global/function.styl","hash":"644d520fe80cc82058467708ab82ccad313b0c27","modified":1660754369000},{"_id":"themes/hexo-theme-butterfly-4.4.0/source/css/_global/index.styl","hash":"714f19e7d66df84938bd1b82b33d5667abe1f147","modified":1660754369000},{"_id":"themes/hexo-theme-butterfly-4.4.0/source/css/_layout/aside.styl","hash":"a0010d833ed30211601c1e0bbbc68e85b77428c6","modified":1660754369000},{"_id":"themes/hexo-theme-butterfly-4.4.0/source/css/_layout/chat.styl","hash":"f9a5d3f1fc5ed0ed2ee4c1eaa58ed650d11ddebd","modified":1660754369000},{"_id":"themes/hexo-theme-butterfly-4.4.0/source/css/_layout/comments.styl","hash":"c61dccca690d486c3d9c29cf028d87b777385141","modified":1660754369000},{"_id":"themes/hexo-theme-butterfly-4.4.0/source/css/_layout/footer.styl","hash":"26be2afa9d4e7016cf3c42a6cd166f01e8e4ad5c","modified":1660754369000},{"_id":"themes/hexo-theme-butterfly-4.4.0/source/css/_layout/loading.styl","hash":"ef21990de28bd75dcd0f88b8d616e1a7a137502f","modified":1660754369000},{"_id":"themes/hexo-theme-butterfly-4.4.0/source/css/_layout/head.styl","hash":"a457a0dbe23af21a7b6b8bfc5ee103c9fe92e89c","modified":1660754369000},{"_id":"themes/hexo-theme-butterfly-4.4.0/source/css/_layout/pagination.styl","hash":"fb9f78bfbb79579f1d752cb73fb6d25c8418e0fd","modified":1660754369000},{"_id":"themes/hexo-theme-butterfly-4.4.0/source/css/_layout/post.styl","hash":"15056fba0bd5a45ea8dc97eb557f6929ff16797a","modified":1660754369000},{"_id":"themes/hexo-theme-butterfly-4.4.0/source/css/_layout/reward.styl","hash":"c5cfed620708807a48076b5ee59b0ba84e29aa80","modified":1660754369000},{"_id":"themes/hexo-theme-butterfly-4.4.0/source/css/_layout/relatedposts.styl","hash":"d53de408cb27a2e704aba7f7402b7caebe0410d8","modified":1660754369000},{"_id":"themes/hexo-theme-butterfly-4.4.0/source/css/_layout/rightside.styl","hash":"bd88ee30ebf8ca2e7b4d3a034c317fd61733921f","modified":1660754369000},{"_id":"themes/hexo-theme-butterfly-4.4.0/source/css/_layout/sidebar.styl","hash":"631ca35a38bc4ac052e9caf47508ff1f99842fc7","modified":1660754369000},{"_id":"themes/hexo-theme-butterfly-4.4.0/source/css/_layout/third-party.styl","hash":"8314e9749eb1ae40c4bae9735b7a6638b2d6876a","modified":1660754369000},{"_id":"themes/hexo-theme-butterfly-4.4.0/source/css/_highlight/highlight.styl","hash":"2f95e99b8351fbecd9037a1bbdc3fee9d6ea8a77","modified":1660754369000},{"_id":"themes/hexo-theme-butterfly-4.4.0/source/css/_mode/darkmode.styl","hash":"a92984f566c97bb4179f34be79240af1552c6f17","modified":1660754369000},{"_id":"themes/hexo-theme-butterfly-4.4.0/source/css/_mode/readmode.styl","hash":"69f8e9414526dfda3af9a71c8e528fdd0ecbbfe5","modified":1660754369000},{"_id":"themes/hexo-theme-butterfly-4.4.0/source/css/_search/algolia.styl","hash":"51e45625929d57c9df3ba9090af99b9b7bb9a15b","modified":1660754369000},{"_id":"themes/hexo-theme-butterfly-4.4.0/source/css/_search/index.styl","hash":"39d61cbe0c1e937f83ba3b147afaa29b4de2f87d","modified":1660754369000},{"_id":"themes/hexo-theme-butterfly-4.4.0/source/css/_search/local-search.styl","hash":"25e58a7a8bda4b73d0a0e551643ca01b09ccd7e5","modified":1660754369000},{"_id":"themes/hexo-theme-butterfly-4.4.0/source/css/_page/404.styl","hash":"50dbb9e6d98c71ffe16741b8c1b0c1b9771efd2b","modified":1660754369000},{"_id":"themes/hexo-theme-butterfly-4.4.0/source/css/_page/categories.styl","hash":"f01ee74948cedb44e53cd3bb1ef36b7d2778ede7","modified":1660754369000},{"_id":"themes/hexo-theme-butterfly-4.4.0/source/css/_highlight/theme.styl","hash":"bcd384c8b2aa0390c9eb69ac1abbfd1240ce1da4","modified":1660754369000},{"_id":"themes/hexo-theme-butterfly-4.4.0/source/css/_page/archives.styl","hash":"6f4b4ede52305bce9b22c8c897dcbde8af6e2ce4","modified":1660754369000},{"_id":"themes/hexo-theme-butterfly-4.4.0/source/css/_page/common.styl","hash":"a58d35d698885f1034dedbe99f7dbc1a801412c6","modified":1660754369000},{"_id":"themes/hexo-theme-butterfly-4.4.0/source/css/_page/flink.styl","hash":"98d755b686ee833e9da10afaa40c4ec2bd66c19a","modified":1660754369000},{"_id":"themes/hexo-theme-butterfly-4.4.0/source/css/_page/homepage.styl","hash":"8c90483d461e09cb06e91b16d8bb7b3205b0a40c","modified":1660754369000},{"_id":"themes/hexo-theme-butterfly-4.4.0/source/css/_page/tags.styl","hash":"580feb7e8b0822a1be48ac380f8c5c53b1523321","modified":1660754369000},{"_id":"themes/hexo-theme-butterfly-4.4.0/source/css/_tags/button.styl","hash":"45f0c32bdea117540f6b14ebac6450d7142bd710","modified":1660754369000},{"_id":"themes/hexo-theme-butterfly-4.4.0/source/css/_tags/gallery.styl","hash":"a310e48f826a4cacc55d8e68f43806e5085554f6","modified":1660754369000},{"_id":"themes/hexo-theme-butterfly-4.4.0/source/css/_tags/hexo.styl","hash":"d76c38adf1d9c1279ef4241835667789f5b736e0","modified":1660754369000},{"_id":"themes/hexo-theme-butterfly-4.4.0/source/css/_tags/hide.styl","hash":"ce489ca2e249e2a3cf71584e20d84bdb022e3475","modified":1660754369000},{"_id":"themes/hexo-theme-butterfly-4.4.0/source/css/_tags/label.styl","hash":"66c59e193d794cdb02cca7bd1dc4aea5a19d7e84","modified":1660754369000},{"_id":"themes/hexo-theme-butterfly-4.4.0/source/css/_tags/inlineImg.styl","hash":"df9d405c33a9a68946b530410f64096bcb72560c","modified":1660754369000},{"_id":"themes/hexo-theme-butterfly-4.4.0/source/css/_tags/note.styl","hash":"85ae91c83691ea4511f4277da1194a185251cc78","modified":1660754369000},{"_id":"themes/hexo-theme-butterfly-4.4.0/source/css/_tags/tabs.styl","hash":"bf9568444dd54e39dc59b461323dcd38942f27d9","modified":1660754369000},{"_id":"themes/hexo-theme-butterfly-4.4.0/source/css/_tags/timeline.styl","hash":"f071156d439556e7463ed4bc61ceee87170d5d08","modified":1660754369000},{"_id":"themes/hexo-theme-butterfly-4.4.0/source/js/search/algolia.js","hash":"9feb248552667c53ce1b19bc7a295215f8c77008","modified":1660754369000},{"_id":"themes/hexo-theme-butterfly-4.4.0/source/css/_third-party/normalize.min.css","hash":"2c18a1c9604af475b4749def8f1959df88d8b276","modified":1660754369000},{"_id":"themes/hexo-theme-butterfly-4.4.0/source/js/search/local-search.js","hash":"3071a4208fdf89ad7e0031536dd6ffa7bc951e4d","modified":1660754369000},{"_id":"themes/hexo-theme-butterfly-4.4.0/layout/includes/third-party/card-post-count/artalk.pug","hash":"99d9b17668260b242749c16851d9ec1024d31899","modified":1660754369000},{"_id":"themes/hexo-theme-butterfly-4.4.0/layout/includes/third-party/card-post-count/disqus.pug","hash":"d85c3737b5c9548553a78b757a7698df126a52cf","modified":1660754369000},{"_id":"themes/hexo-theme-butterfly-4.4.0/layout/includes/third-party/card-post-count/fb.pug","hash":"f0ddc0f1ffee143d86c81bee1136ae6ee01e8ea5","modified":1660754369000},{"_id":"themes/hexo-theme-butterfly-4.4.0/layout/includes/third-party/card-post-count/index.pug","hash":"b2d274db84ef22fbd6d5ea8f4404821898934209","modified":1660754369000},{"_id":"themes/hexo-theme-butterfly-4.4.0/layout/includes/third-party/card-post-count/remark42.pug","hash":"001e8be47854b891efe04013c240c38fed4185eb","modified":1660754369000},{"_id":"themes/hexo-theme-butterfly-4.4.0/layout/includes/third-party/card-post-count/twikoo.pug","hash":"58406a7a3bf45815769f652bf3ef81e57dcd07eb","modified":1660754369000},{"_id":"themes/hexo-theme-butterfly-4.4.0/layout/includes/third-party/card-post-count/valine.pug","hash":"39427e107230a10790972349c9dd4c4f31d55eb7","modified":1660754369000},{"_id":"themes/hexo-theme-butterfly-4.4.0/layout/includes/third-party/card-post-count/waline.pug","hash":"5f648086a33a32d169a2f8d8c549c08aa02f67db","modified":1660754369000},{"_id":"themes/hexo-theme-butterfly-4.4.0/layout/includes/third-party/chat/chatra.pug","hash":"481cd5053bafb1a19f623554a27d3aa077ea59c3","modified":1660754369000},{"_id":"themes/hexo-theme-butterfly-4.4.0/layout/includes/third-party/chat/crisp.pug","hash":"76634112c64023177260d1317ae39cef2a68e35f","modified":1660754369000},{"_id":"themes/hexo-theme-butterfly-4.4.0/layout/includes/third-party/chat/daovoice.pug","hash":"cfe63e7d26a6665df6aa32ca90868ad48e05ec04","modified":1660754369000},{"_id":"themes/hexo-theme-butterfly-4.4.0/layout/includes/third-party/chat/gitter.pug","hash":"d1d2474420bf4edc2e43ccdff6f92b8b082143df","modified":1660754369000},{"_id":"themes/hexo-theme-butterfly-4.4.0/layout/includes/third-party/chat/index.pug","hash":"0611d9216f4c128ebdea4cc21454c3dc4a6398d5","modified":1660754369000},{"_id":"themes/hexo-theme-butterfly-4.4.0/layout/includes/third-party/chat/messenger.pug","hash":"bfe7b5a8fad041b63a10c6c6ed02e7c87afb94cd","modified":1660754369000},{"_id":"themes/hexo-theme-butterfly-4.4.0/layout/includes/third-party/chat/tidio.pug","hash":"24a926756c2300b9c561aaab6bd3a71fdd16e16d","modified":1660754369000},{"_id":"themes/hexo-theme-butterfly-4.4.0/layout/includes/third-party/comments/artalk.pug","hash":"49dcc23815e1d5264bb65c91e7dc67b1a723d1ea","modified":1660754369000},{"_id":"themes/hexo-theme-butterfly-4.4.0/layout/includes/third-party/comments/disqus.pug","hash":"8ec24c1939895ac0db2b2e8700bc9307b4ceb53c","modified":1660754369000},{"_id":"themes/hexo-theme-butterfly-4.4.0/layout/includes/third-party/comments/disqusjs.pug","hash":"98ef20f8a3b10c1692f9b2b3c06033d2da8a8eae","modified":1660754369000},{"_id":"themes/hexo-theme-butterfly-4.4.0/layout/includes/third-party/comments/giscus.pug","hash":"591ef23c583690bd74af0cafb09af64ba5bd8151","modified":1660754369000},{"_id":"themes/hexo-theme-butterfly-4.4.0/layout/includes/third-party/comments/facebook_comments.pug","hash":"2c095186033b6b273634ce97a75873da1f3646db","modified":1660754369000},{"_id":"themes/hexo-theme-butterfly-4.4.0/layout/includes/third-party/comments/gitalk.pug","hash":"22e2ef30fe5eb1db7566e89943c74ece029b2a8e","modified":1660754369000},{"_id":"themes/hexo-theme-butterfly-4.4.0/layout/includes/third-party/comments/index.pug","hash":"351fe25fbf02635b1f9e86e5e244c7d61f69baa7","modified":1660754369000},{"_id":"themes/hexo-theme-butterfly-4.4.0/layout/includes/third-party/comments/livere.pug","hash":"52ea8aa26b84d3ad38ae28cdf0f163e9ca8dced7","modified":1660754369000},{"_id":"themes/hexo-theme-butterfly-4.4.0/layout/includes/third-party/comments/js.pug","hash":"00ed91c52939b9675b316137f854d13684c895a6","modified":1660754369000},{"_id":"themes/hexo-theme-butterfly-4.4.0/layout/includes/third-party/comments/remark42.pug","hash":"e9bdf80d6796afc04eb809dbbe780d97f22c7fcd","modified":1660754369000},{"_id":"themes/hexo-theme-butterfly-4.4.0/layout/includes/third-party/comments/twikoo.pug","hash":"e18fbd88d8942e53e771f29b26209ab735c5c567","modified":1660754369000},{"_id":"themes/hexo-theme-butterfly-4.4.0/layout/includes/third-party/comments/utterances.pug","hash":"a737046e730eb7264606ba0536218964044492f9","modified":1660754369000},{"_id":"themes/hexo-theme-butterfly-4.4.0/layout/includes/third-party/comments/valine.pug","hash":"e55b9c0f8ced231f47eb88bd7f4ec99f29c5c29d","modified":1660754369000},{"_id":"themes/hexo-theme-butterfly-4.4.0/layout/includes/third-party/comments/waline.pug","hash":"15462d1ed04651ad3b430c682842ac400f6f9b47","modified":1660754369000},{"_id":"themes/hexo-theme-butterfly-4.4.0/layout/includes/third-party/math/index.pug","hash":"b8ae5fd7d74e1edcef21f5004fc96147e064d219","modified":1660754369000},{"_id":"themes/hexo-theme-butterfly-4.4.0/layout/includes/third-party/math/mathjax.pug","hash":"f4dc7d02c8192979404ae9e134c5048d3d0a76e2","modified":1660754369000},{"_id":"themes/hexo-theme-butterfly-4.4.0/layout/includes/third-party/math/katex.pug","hash":"dfcbd9881be569ea420eff1a6b00e4f4dbe2138e","modified":1660754369000},{"_id":"themes/hexo-theme-butterfly-4.4.0/layout/includes/third-party/math/mermaid.pug","hash":"8e33aca36a4d3ae9e041ba05ced8eff56ae38f77","modified":1660754369000},{"_id":"themes/hexo-theme-butterfly-4.4.0/layout/includes/third-party/newest-comments/artalk.pug","hash":"c12c898b35dd014780c1f3220ddbe12e7270983c","modified":1660754369000},{"_id":"themes/hexo-theme-butterfly-4.4.0/layout/includes/third-party/newest-comments/disqus-comment.pug","hash":"04b2a5882e789a988e41d45abe606f0617b08e38","modified":1660754369000},{"_id":"themes/hexo-theme-butterfly-4.4.0/layout/includes/third-party/newest-comments/github-issues.pug","hash":"e846ddfe4a63b15d1416f6055f5756af5e3da7c6","modified":1660754369000},{"_id":"themes/hexo-theme-butterfly-4.4.0/layout/includes/third-party/newest-comments/index.pug","hash":"4ec0642f2d5444acfab570a6f8c7868e7ff43fde","modified":1660754369000},{"_id":"themes/hexo-theme-butterfly-4.4.0/layout/includes/third-party/newest-comments/remark42.pug","hash":"ab167c00da4506f591b96f0591bf5bd214a26d4b","modified":1660754369000},{"_id":"themes/hexo-theme-butterfly-4.4.0/layout/includes/third-party/newest-comments/twikoo-comment.pug","hash":"233907dd7f5b5f33412701d2ccffbc0bbae8707b","modified":1660754369000},{"_id":"themes/hexo-theme-butterfly-4.4.0/layout/includes/third-party/newest-comments/valine.pug","hash":"d19e1c2c0a50f0e4547d71a17b9be88e8152f17c","modified":1660754369000},{"_id":"themes/hexo-theme-butterfly-4.4.0/layout/includes/third-party/newest-comments/waline.pug","hash":"dd0bc119029b62dce5dc965d5de7377e438fa29a","modified":1660754369000},{"_id":"themes/hexo-theme-butterfly-4.4.0/layout/includes/third-party/search/algolia.pug","hash":"e8245d0b4933129bb1c485d8de11a9e52e676348","modified":1660754369000},{"_id":"themes/hexo-theme-butterfly-4.4.0/layout/includes/third-party/search/index.pug","hash":"da3b9437d061ee68dbc383057db5c73034c49605","modified":1660754369000},{"_id":"themes/hexo-theme-butterfly-4.4.0/layout/includes/third-party/search/local-search.pug","hash":"178c9cdcc4ce5a006885b24ce4a3d624e4734899","modified":1660754369000},{"_id":"themes/hexo-theme-butterfly-4.4.0/layout/includes/third-party/share/addtoany.pug","hash":"85c92f8a7e44d7cd1c86f089a05be438535e5362","modified":1660754369000},{"_id":"themes/hexo-theme-butterfly-4.4.0/layout/includes/third-party/share/add-this.pug","hash":"2980f1889226ca981aa23b8eb1853fde26dcf89a","modified":1660754369000},{"_id":"themes/hexo-theme-butterfly-4.4.0/layout/includes/third-party/share/index.pug","hash":"4c4a9c15215ae8ac5eadb0e086b278f76db9ee92","modified":1660754369000},{"_id":"themes/hexo-theme-butterfly-4.4.0/layout/includes/third-party/share/share-js.pug","hash":"f61d63724ea5c5f352568b3a16bde023affefbe5","modified":1660754369000},{"_id":"themes/hexo-theme-butterfly-4.4.0/source/css/_highlight/highlight/diff.styl","hash":"cf1fae641c927621a4df1be5ca4a853b9b526e23","modified":1660754369000},{"_id":"themes/hexo-theme-butterfly-4.4.0/source/css/_highlight/highlight/index.styl","hash":"18804c58239d95798fa86d0597f32d7f7dd30051","modified":1660754369000},{"_id":"themes/hexo-theme-butterfly-4.4.0/source/css/_highlight/prismjs/diff.styl","hash":"5972c61f5125068cbe0af279a0c93a54847fdc3b","modified":1660754369000},{"_id":"themes/hexo-theme-butterfly-4.4.0/source/css/_highlight/prismjs/index.styl","hash":"5dc2e0bcae9a54bfb9bdcc82d02ae5a3cf1ca97d","modified":1660754369000},{"_id":"themes/hexo-theme-butterfly-4.4.0/source/css/_highlight/prismjs/line-number.styl","hash":"8970cc1916c982b64a1478792b2822d1d31e276d","modified":1660754369000},{"_id":"themes/hexo-theme-butterfly-4.4.0/layout/includes/third-party/prismjs.pug","hash":"ffb9ea15a2b54423cd4cd441e2d061b8233e9b58","modified":1660754369000},{"_id":"source/_posts/卑微doge鸽子群群规.md","hash":"facef8a2956210fcd6026cede3e9eac04716f548","modified":1660958337563},{"_id":"source/_posts/qungui.md","hash":"facef8a2956210fcd6026cede3e9eac04716f548","modified":1660958337563}],"Category":[],"Data":[],"Page":[],"Post":[{"title":"卑微doge鸽子群群规","date":"2022-08-20T01:18:13.000Z","_content":"\n## 前言\n出一份具体的群聊政策，应对一些小可爱、杠精等不法分子，管理QQ群，坚守党的18大原则，从我做起！\n\n## 1.必要原则\n 1. 禁止使用恶意侮辱，诋毁他人字眼，包括带有人身攻击性的图片等不同程度性。\n 2. 严禁谈论不健康话题及使用不健康图片。\n 3. 严禁刷屏影响他人交流，此条规则以下几个规则为准。\n 3.1 如管理或群成员在不影响他人交流的前提下，进行清屏操作，导致刷屏，则无效。\n 3.2 如群成员在影响他人正常交流的前提下，进行刷屏等恶意霸占QQ屏幕等操作，按照`5.1`处理。\n 3.3 在正常交流中，群成员发送超过6行以上文本时（规范按照手机版QQ计算）则视为刷屏。\n 3.4 在非管理员同意的前提下，恶意使用表情包、文字、语言等方式，连续发出15条以上的频率的消息则视为刷屏。\n4. 严禁发任何性质的非法商业广告和大篇幅的转发信息。\n5. 严禁发布任何有损浮世殇和浮世殇声誉及利益的信息。\n6. 严禁发表与**政治**有关的恶搞类图片、语言及其他一切。\n7. 严禁其他经群主及管理员一致认为应禁止的活动及话题。其他事宜另行补充。\n## 2.群名片原则\n为维护良好聊天环境，对群名片改革如下：\n1. 禁止以“xxxxx平台”、“xxxxx论坛”等广告类词语添加至群名片。\n2. 禁止以任何形式将自己群名片设置为域名、IP等操作。\n3. 群名片禁止调整为无意义的或使用群名片聊天等操作，这里点名批评某个人，耗子尾汁：![](https://aws3.r-ay.co/2022/08/19/yyaj8j.webp)\n4. 群名片禁止是辱骂、人身攻击、诽谤等语言，这里点名批评：![](https://aws3.r-ay.co/2022/08/19/z13zyt.webp)\n## 3. 协议原则\n《卑微doge鸽子窝》——群管理员：有权随时对服务条款进行修改，并且一旦发生服务条款的变动，将在页面上提示修改的内容；用户如果不同意服务条款的修改，可以主动退群；如果用户继续留存，则视为用户已经接受服务条款的修改。\n\n## 4. 法律法规基本原则\n提示：**此处优先级大于任何一条！**\n一、群员同意遵守《中华人民共和国保守国家秘密法》、《中华人民共和国计算机信息系统安全保护条例》、《计算机软件保护条例》、《中华人民共和国刑法》、《中华人民共和国治安处罚法》、《中华人民共和国未成年人保护法》等有关社交及互联网规定的法律和法规、实施办法。在任何情况下，”《卑微doge鸽子窝》——群管理员”合理地认为群员的行为可能违反上述法律、法规，”《卑微doge鸽子窝》——群管理员”可以在任何时候，不经事先通知踢出此群员。\n\n二、群成员应了解国际互联网的无国界性，应特别注意遵守当地所有有关的法律和法规。\n\n三、群成员不得利用本群发布、传播含有伤害性或庸俗、淫秽内容的违反法律法规的信息，不得发布与本单位无关的信息。并对所发布信息承担完全责任。\n\n四、群员需确保发布信息的真实、准确，并承担因发布虚假信息而引发的任何纠纷的法律责任。\n\n## 5. 处罚措施\n5.1 低级套餐：30分钟禁言+1次警告+扣除成员分3分\n5.2 中级套餐：2小时禁言+1次警告+扣除成员分3分\n5.3 高级套餐：7天禁言+1次警告+扣除成员分4分\n5.4 超级套餐：14天言行隔离+1次警告+扣除成员分6分\n5.5 至尊套餐：28天言行隔离+1次警告+扣除成员分9.5分\n5.6 至尊VIP套餐：1个月言行隔离+1次隔离+扣除成员分11分\n### 警告规则\n警告超过4次，则免去禁言惩罚，直接踢出群聊。\n在此规则与任意规则冲突时，在无其他管理员拒绝的情况下，此规则高于其他规则优先级\n### 成员分规则\n每位成员共有12分（ps：就和驾照一样），扣分规则根据第5条处罚错误规定。\n1. 当成员分扣满12分时，管理员可直接踢出群聊。\n2. 如扣满12分，警告未满4次，则无视警告规则直接踢出。\n3. 如警告满4次，成员分未扣满12分，管理员应做保留措施，行为严重者，此条无效。\n\n## 协议说明\n- 如您对此协议规则有任何不满，可以在群聊中提出质疑（在不违反群规则的前提下，管理员不得阻止）。\n- 如管理员需要对此文档进行修改，请直接提交Github Pull或者联系文档所有者，请最好直接提交Github Pull，勿扰文档所有者！\n ","source":"_posts/qungui.md","raw":"---\ntitle: 卑微doge鸽子群群规\ndate: 2022-08-20 09:18:13\ntags:\n---\n\n## 前言\n出一份具体的群聊政策，应对一些小可爱、杠精等不法分子，管理QQ群，坚守党的18大原则，从我做起！\n\n## 1.必要原则\n 1. 禁止使用恶意侮辱，诋毁他人字眼，包括带有人身攻击性的图片等不同程度性。\n 2. 严禁谈论不健康话题及使用不健康图片。\n 3. 严禁刷屏影响他人交流，此条规则以下几个规则为准。\n 3.1 如管理或群成员在不影响他人交流的前提下，进行清屏操作，导致刷屏，则无效。\n 3.2 如群成员在影响他人正常交流的前提下，进行刷屏等恶意霸占QQ屏幕等操作，按照`5.1`处理。\n 3.3 在正常交流中，群成员发送超过6行以上文本时（规范按照手机版QQ计算）则视为刷屏。\n 3.4 在非管理员同意的前提下，恶意使用表情包、文字、语言等方式，连续发出15条以上的频率的消息则视为刷屏。\n4. 严禁发任何性质的非法商业广告和大篇幅的转发信息。\n5. 严禁发布任何有损浮世殇和浮世殇声誉及利益的信息。\n6. 严禁发表与**政治**有关的恶搞类图片、语言及其他一切。\n7. 严禁其他经群主及管理员一致认为应禁止的活动及话题。其他事宜另行补充。\n## 2.群名片原则\n为维护良好聊天环境，对群名片改革如下：\n1. 禁止以“xxxxx平台”、“xxxxx论坛”等广告类词语添加至群名片。\n2. 禁止以任何形式将自己群名片设置为域名、IP等操作。\n3. 群名片禁止调整为无意义的或使用群名片聊天等操作，这里点名批评某个人，耗子尾汁：![](https://aws3.r-ay.co/2022/08/19/yyaj8j.webp)\n4. 群名片禁止是辱骂、人身攻击、诽谤等语言，这里点名批评：![](https://aws3.r-ay.co/2022/08/19/z13zyt.webp)\n## 3. 协议原则\n《卑微doge鸽子窝》——群管理员：有权随时对服务条款进行修改，并且一旦发生服务条款的变动，将在页面上提示修改的内容；用户如果不同意服务条款的修改，可以主动退群；如果用户继续留存，则视为用户已经接受服务条款的修改。\n\n## 4. 法律法规基本原则\n提示：**此处优先级大于任何一条！**\n一、群员同意遵守《中华人民共和国保守国家秘密法》、《中华人民共和国计算机信息系统安全保护条例》、《计算机软件保护条例》、《中华人民共和国刑法》、《中华人民共和国治安处罚法》、《中华人民共和国未成年人保护法》等有关社交及互联网规定的法律和法规、实施办法。在任何情况下，”《卑微doge鸽子窝》——群管理员”合理地认为群员的行为可能违反上述法律、法规，”《卑微doge鸽子窝》——群管理员”可以在任何时候，不经事先通知踢出此群员。\n\n二、群成员应了解国际互联网的无国界性，应特别注意遵守当地所有有关的法律和法规。\n\n三、群成员不得利用本群发布、传播含有伤害性或庸俗、淫秽内容的违反法律法规的信息，不得发布与本单位无关的信息。并对所发布信息承担完全责任。\n\n四、群员需确保发布信息的真实、准确，并承担因发布虚假信息而引发的任何纠纷的法律责任。\n\n## 5. 处罚措施\n5.1 低级套餐：30分钟禁言+1次警告+扣除成员分3分\n5.2 中级套餐：2小时禁言+1次警告+扣除成员分3分\n5.3 高级套餐：7天禁言+1次警告+扣除成员分4分\n5.4 超级套餐：14天言行隔离+1次警告+扣除成员分6分\n5.5 至尊套餐：28天言行隔离+1次警告+扣除成员分9.5分\n5.6 至尊VIP套餐：1个月言行隔离+1次隔离+扣除成员分11分\n### 警告规则\n警告超过4次，则免去禁言惩罚，直接踢出群聊。\n在此规则与任意规则冲突时，在无其他管理员拒绝的情况下，此规则高于其他规则优先级\n### 成员分规则\n每位成员共有12分（ps：就和驾照一样），扣分规则根据第5条处罚错误规定。\n1. 当成员分扣满12分时，管理员可直接踢出群聊。\n2. 如扣满12分，警告未满4次，则无视警告规则直接踢出。\n3. 如警告满4次，成员分未扣满12分，管理员应做保留措施，行为严重者，此条无效。\n\n## 协议说明\n- 如您对此协议规则有任何不满，可以在群聊中提出质疑（在不违反群规则的前提下，管理员不得阻止）。\n- 如管理员需要对此文档进行修改，请直接提交Github Pull或者联系文档所有者，请最好直接提交Github Pull，勿扰文档所有者！\n ","slug":"qungui","published":1,"updated":"2022-08-20T01:18:57.563Z","comments":1,"layout":"post","photos":[],"link":"","_id":"cl717r2150000uct6hxtsbqge","content":"<h2 id=\"前言\"><a href=\"#前言\" class=\"headerlink\" title=\"前言\"></a>前言</h2><p>出一份具体的群聊政策，应对一些小可爱、杠精等不法分子，管理QQ群，坚守党的18大原则，从我做起！</p>\n<h2 id=\"1-必要原则\"><a href=\"#1-必要原则\" class=\"headerlink\" title=\"1.必要原则\"></a>1.必要原则</h2><ol>\n<li>禁止使用恶意侮辱，诋毁他人字眼，包括带有人身攻击性的图片等不同程度性。</li>\n<li>严禁谈论不健康话题及使用不健康图片。</li>\n<li>严禁刷屏影响他人交流，此条规则以下几个规则为准。<br> 3.1 如管理或群成员在不影响他人交流的前提下，进行清屏操作，导致刷屏，则无效。<br> 3.2 如群成员在影响他人正常交流的前提下，进行刷屏等恶意霸占QQ屏幕等操作，按照<code>5.1</code>处理。<br> 3.3 在正常交流中，群成员发送超过6行以上文本时（规范按照手机版QQ计算）则视为刷屏。<br> 3.4 在非管理员同意的前提下，恶意使用表情包、文字、语言等方式，连续发出15条以上的频率的消息则视为刷屏。</li>\n<li>严禁发任何性质的非法商业广告和大篇幅的转发信息。</li>\n<li>严禁发布任何有损浮世殇和浮世殇声誉及利益的信息。</li>\n<li>严禁发表与<strong>政治</strong>有关的恶搞类图片、语言及其他一切。</li>\n<li>严禁其他经群主及管理员一致认为应禁止的活动及话题。其他事宜另行补充。</li>\n</ol>\n<h2 id=\"2-群名片原则\"><a href=\"#2-群名片原则\" class=\"headerlink\" title=\"2.群名片原则\"></a>2.群名片原则</h2><p>为维护良好聊天环境，对群名片改革如下：</p>\n<ol>\n<li>禁止以“xxxxx平台”、“xxxxx论坛”等广告类词语添加至群名片。</li>\n<li>禁止以任何形式将自己群名片设置为域名、IP等操作。</li>\n<li>群名片禁止调整为无意义的或使用群名片聊天等操作，这里点名批评某个人，耗子尾汁：<img src=\"https://aws3.r-ay.co/2022/08/19/yyaj8j.webp\"></li>\n<li>群名片禁止是辱骂、人身攻击、诽谤等语言，这里点名批评：<img src=\"https://aws3.r-ay.co/2022/08/19/z13zyt.webp\"></li>\n</ol>\n<h2 id=\"3-协议原则\"><a href=\"#3-协议原则\" class=\"headerlink\" title=\"3. 协议原则\"></a>3. 协议原则</h2><p>《卑微doge鸽子窝》——群管理员：有权随时对服务条款进行修改，并且一旦发生服务条款的变动，将在页面上提示修改的内容；用户如果不同意服务条款的修改，可以主动退群；如果用户继续留存，则视为用户已经接受服务条款的修改。</p>\n<h2 id=\"4-法律法规基本原则\"><a href=\"#4-法律法规基本原则\" class=\"headerlink\" title=\"4. 法律法规基本原则\"></a>4. 法律法规基本原则</h2><p>提示：<strong>此处优先级大于任何一条！</strong><br>一、群员同意遵守《中华人民共和国保守国家秘密法》、《中华人民共和国计算机信息系统安全保护条例》、《计算机软件保护条例》、《中华人民共和国刑法》、《中华人民共和国治安处罚法》、《中华人民共和国未成年人保护法》等有关社交及互联网规定的法律和法规、实施办法。在任何情况下，”《卑微doge鸽子窝》——群管理员”合理地认为群员的行为可能违反上述法律、法规，”《卑微doge鸽子窝》——群管理员”可以在任何时候，不经事先通知踢出此群员。</p>\n<p>二、群成员应了解国际互联网的无国界性，应特别注意遵守当地所有有关的法律和法规。</p>\n<p>三、群成员不得利用本群发布、传播含有伤害性或庸俗、淫秽内容的违反法律法规的信息，不得发布与本单位无关的信息。并对所发布信息承担完全责任。</p>\n<p>四、群员需确保发布信息的真实、准确，并承担因发布虚假信息而引发的任何纠纷的法律责任。</p>\n<h2 id=\"5-处罚措施\"><a href=\"#5-处罚措施\" class=\"headerlink\" title=\"5. 处罚措施\"></a>5. 处罚措施</h2><p>5.1 低级套餐：30分钟禁言+1次警告+扣除成员分3分<br>5.2 中级套餐：2小时禁言+1次警告+扣除成员分3分<br>5.3 高级套餐：7天禁言+1次警告+扣除成员分4分<br>5.4 超级套餐：14天言行隔离+1次警告+扣除成员分6分<br>5.5 至尊套餐：28天言行隔离+1次警告+扣除成员分9.5分<br>5.6 至尊VIP套餐：1个月言行隔离+1次隔离+扣除成员分11分</p>\n<h3 id=\"警告规则\"><a href=\"#警告规则\" class=\"headerlink\" title=\"警告规则\"></a>警告规则</h3><p>警告超过4次，则免去禁言惩罚，直接踢出群聊。<br>在此规则与任意规则冲突时，在无其他管理员拒绝的情况下，此规则高于其他规则优先级</p>\n<h3 id=\"成员分规则\"><a href=\"#成员分规则\" class=\"headerlink\" title=\"成员分规则\"></a>成员分规则</h3><p>每位成员共有12分（ps：就和驾照一样），扣分规则根据第5条处罚错误规定。</p>\n<ol>\n<li>当成员分扣满12分时，管理员可直接踢出群聊。</li>\n<li>如扣满12分，警告未满4次，则无视警告规则直接踢出。</li>\n<li>如警告满4次，成员分未扣满12分，管理员应做保留措施，行为严重者，此条无效。</li>\n</ol>\n<h2 id=\"协议说明\"><a href=\"#协议说明\" class=\"headerlink\" title=\"协议说明\"></a>协议说明</h2><ul>\n<li>如您对此协议规则有任何不满，可以在群聊中提出质疑（在不违反群规则的前提下，管理员不得阻止）。</li>\n<li>如管理员需要对此文档进行修改，请直接提交Github Pull或者联系文档所有者，请最好直接提交Github Pull，勿扰文档所有者！</li>\n</ul>\n","site":{"data":{}},"cover":"data:image/gif;base64,R0lGODlhAQABAIAAAAAAAP///yH5BAEAAAAALAAAAAABAAEAAAIBRAA7","excerpt":"","more":"<h2 id=\"前言\"><a href=\"#前言\" class=\"headerlink\" title=\"前言\"></a>前言</h2><p>出一份具体的群聊政策，应对一些小可爱、杠精等不法分子，管理QQ群，坚守党的18大原则，从我做起！</p>\n<h2 id=\"1-必要原则\"><a href=\"#1-必要原则\" class=\"headerlink\" title=\"1.必要原则\"></a>1.必要原则</h2><ol>\n<li>禁止使用恶意侮辱，诋毁他人字眼，包括带有人身攻击性的图片等不同程度性。</li>\n<li>严禁谈论不健康话题及使用不健康图片。</li>\n<li>严禁刷屏影响他人交流，此条规则以下几个规则为准。<br> 3.1 如管理或群成员在不影响他人交流的前提下，进行清屏操作，导致刷屏，则无效。<br> 3.2 如群成员在影响他人正常交流的前提下，进行刷屏等恶意霸占QQ屏幕等操作，按照<code>5.1</code>处理。<br> 3.3 在正常交流中，群成员发送超过6行以上文本时（规范按照手机版QQ计算）则视为刷屏。<br> 3.4 在非管理员同意的前提下，恶意使用表情包、文字、语言等方式，连续发出15条以上的频率的消息则视为刷屏。</li>\n<li>严禁发任何性质的非法商业广告和大篇幅的转发信息。</li>\n<li>严禁发布任何有损浮世殇和浮世殇声誉及利益的信息。</li>\n<li>严禁发表与<strong>政治</strong>有关的恶搞类图片、语言及其他一切。</li>\n<li>严禁其他经群主及管理员一致认为应禁止的活动及话题。其他事宜另行补充。</li>\n</ol>\n<h2 id=\"2-群名片原则\"><a href=\"#2-群名片原则\" class=\"headerlink\" title=\"2.群名片原则\"></a>2.群名片原则</h2><p>为维护良好聊天环境，对群名片改革如下：</p>\n<ol>\n<li>禁止以“xxxxx平台”、“xxxxx论坛”等广告类词语添加至群名片。</li>\n<li>禁止以任何形式将自己群名片设置为域名、IP等操作。</li>\n<li>群名片禁止调整为无意义的或使用群名片聊天等操作，这里点名批评某个人，耗子尾汁：<img src=\"https://aws3.r-ay.co/2022/08/19/yyaj8j.webp\"></li>\n<li>群名片禁止是辱骂、人身攻击、诽谤等语言，这里点名批评：<img src=\"https://aws3.r-ay.co/2022/08/19/z13zyt.webp\"></li>\n</ol>\n<h2 id=\"3-协议原则\"><a href=\"#3-协议原则\" class=\"headerlink\" title=\"3. 协议原则\"></a>3. 协议原则</h2><p>《卑微doge鸽子窝》——群管理员：有权随时对服务条款进行修改，并且一旦发生服务条款的变动，将在页面上提示修改的内容；用户如果不同意服务条款的修改，可以主动退群；如果用户继续留存，则视为用户已经接受服务条款的修改。</p>\n<h2 id=\"4-法律法规基本原则\"><a href=\"#4-法律法规基本原则\" class=\"headerlink\" title=\"4. 法律法规基本原则\"></a>4. 法律法规基本原则</h2><p>提示：<strong>此处优先级大于任何一条！</strong><br>一、群员同意遵守《中华人民共和国保守国家秘密法》、《中华人民共和国计算机信息系统安全保护条例》、《计算机软件保护条例》、《中华人民共和国刑法》、《中华人民共和国治安处罚法》、《中华人民共和国未成年人保护法》等有关社交及互联网规定的法律和法规、实施办法。在任何情况下，”《卑微doge鸽子窝》——群管理员”合理地认为群员的行为可能违反上述法律、法规，”《卑微doge鸽子窝》——群管理员”可以在任何时候，不经事先通知踢出此群员。</p>\n<p>二、群成员应了解国际互联网的无国界性，应特别注意遵守当地所有有关的法律和法规。</p>\n<p>三、群成员不得利用本群发布、传播含有伤害性或庸俗、淫秽内容的违反法律法规的信息，不得发布与本单位无关的信息。并对所发布信息承担完全责任。</p>\n<p>四、群员需确保发布信息的真实、准确，并承担因发布虚假信息而引发的任何纠纷的法律责任。</p>\n<h2 id=\"5-处罚措施\"><a href=\"#5-处罚措施\" class=\"headerlink\" title=\"5. 处罚措施\"></a>5. 处罚措施</h2><p>5.1 低级套餐：30分钟禁言+1次警告+扣除成员分3分<br>5.2 中级套餐：2小时禁言+1次警告+扣除成员分3分<br>5.3 高级套餐：7天禁言+1次警告+扣除成员分4分<br>5.4 超级套餐：14天言行隔离+1次警告+扣除成员分6分<br>5.5 至尊套餐：28天言行隔离+1次警告+扣除成员分9.5分<br>5.6 至尊VIP套餐：1个月言行隔离+1次隔离+扣除成员分11分</p>\n<h3 id=\"警告规则\"><a href=\"#警告规则\" class=\"headerlink\" title=\"警告规则\"></a>警告规则</h3><p>警告超过4次，则免去禁言惩罚，直接踢出群聊。<br>在此规则与任意规则冲突时，在无其他管理员拒绝的情况下，此规则高于其他规则优先级</p>\n<h3 id=\"成员分规则\"><a href=\"#成员分规则\" class=\"headerlink\" title=\"成员分规则\"></a>成员分规则</h3><p>每位成员共有12分（ps：就和驾照一样），扣分规则根据第5条处罚错误规定。</p>\n<ol>\n<li>当成员分扣满12分时，管理员可直接踢出群聊。</li>\n<li>如扣满12分，警告未满4次，则无视警告规则直接踢出。</li>\n<li>如警告满4次，成员分未扣满12分，管理员应做保留措施，行为严重者，此条无效。</li>\n</ol>\n<h2 id=\"协议说明\"><a href=\"#协议说明\" class=\"headerlink\" title=\"协议说明\"></a>协议说明</h2><ul>\n<li>如您对此协议规则有任何不满，可以在群聊中提出质疑（在不违反群规则的前提下，管理员不得阻止）。</li>\n<li>如管理员需要对此文档进行修改，请直接提交Github Pull或者联系文档所有者，请最好直接提交Github Pull，勿扰文档所有者！</li>\n</ul>\n"}],"PostAsset":[],"PostCategory":[],"PostTag":[],"Tag":[]}}